idx,task,annotation,raw_output
0,Open the Cx file Explorer app,"{'episode_id': 27, 'goal': 'Open the Cx file Explorer and rename the Flowers folder to Flora.', 'step_instruction': 'Open the Cx file Explorer app', 'action': {'action_type': 'open_app', 'app_name': 'Cx File Explorer', 'direction': None, 'text': None, 'x': None, 'y': None}}","{""coordinate"":[0.702,0.551],""action_type"":""click"",""text"":null,""custom_action"":null,""raw"":{""content"":""{\""note\"":\""\"",\""thought\"":\""\"",\""action\"":{\""action\"":\""click_element\"",\""element\"":\""Click on the Cx icon to open file explorer app\"",\""x\"":702,\""y\"":551}}""}}"
1,Click on the square icon next to the Flowers folder,"{'episode_id': 27, 'goal': 'Open the Cx file Explorer and rename the Flowers folder to Flora.', 'step_instruction': 'Click on the square icon next to the Flowers folder', 'action': {'action_type': 'click', 'app_name': None, 'direction': None, 'text': None, 'x': 1027.0, 'y': 614.0}}","{""coordinate"":[0.946,0.254],""action_type"":""click"",""text"":null,""custom_action"":null,""raw"":{""content"":""{\""thought\"":\""Clicking on the square icon next to the Flowers folder to select it\"",\""action\"":{\""action\"":\""click_element\"",\""element\"":\""square icon next to Flowers folder\"",\""x\"":946,\""y\"":254}}""}}"
2,Click on the rename option at the bottom of the screen,"{'episode_id': 27, 'goal': 'Open the Cx file Explorer and rename the Flowers folder to Flora.', 'step_instruction': 'Click on the rename option at the bottom of the screen', 'action': {'action_type': 'click', 'app_name': None, 'direction': None, 'text': None, 'x': 540.0, 'y': 2257.0}}","{""coordinate"":[0.5,0.941],""action_type"":""click"",""text"":null,""custom_action"":null,""raw"":{""content"":""{\""note\"":\""\"",\""thought\"":\""\"",\""action\"":{\""action\"":\""click_element\"",\""element\"":\""Rename button at the bottom of the screen\"",\""x\"":500,\""y\"":941}}""}}"
3,Click on the cross icon on the keyboard,"{'episode_id': 27, 'goal': 'Open the Cx file Explorer and rename the Flowers folder to Flora.', 'step_instruction': 'Click on the cross icon on the keyboard', 'action': {'action_type': 'click', 'app_name': None, 'direction': None, 'text': None, 'x': 994.0, 'y': 2014.0}}","{""coordinate"":null,""action_type"":""answer"",""text"":null,""custom_action"":{""action"":""answer"",""params"":{""answer"":""Task completed""}},""raw"":{""content"":""{\""thought\"":\""The task was to click on the cross icon on the keyboard. This has been completed successfully.\"",\""action\"":{\""action\"":\""answer\"",\""content\"":\""Task completed\""}}""}}"
4,Enter the folder name as Flora,"{'episode_id': 27, 'goal': 'Open the Cx file Explorer and rename the Flowers folder to Flora.', 'step_instruction': 'Enter the folder name as Flora', 'action': {'action_type': 'input_text', 'app_name': None, 'direction': None, 'text': 'Flora', 'x': None, 'y': None}}","{""coordinate"":[0.5,0.329],""action_type"":""write"",""text"":""Flora"",""custom_action"":null,""raw"":{""content"":""{\""note\"":\""\"",\""thought\"":\""Folder name field is empty and ready for input.\"",\""action\"":{\""action\"":\""write_element_abs\"",\""content\"":\""Flora\"",\""element\"":\""rename folder text field\"",\""x\"":500,\""y\"":329}}""}}"
5,Click on the OK button,"{'episode_id': 27, 'goal': 'Open the Cx file Explorer and rename the Flowers folder to Flora.', 'step_instruction': 'Click on the OK button', 'action': {'action_type': 'click', 'app_name': None, 'direction': None, 'text': None, 'x': 893.0, 'y': 951.0}}","{""coordinate"":[0.825,0.396],""action_type"":""click"",""text"":null,""custom_action"":null,""raw"":{""content"":""{\""note\"":\""\"",\""thought\"":\""\"",\""action\"":{\""action\"":\""click_element\"",\""element\"":\""OK button to confirm renaming\"",\""x\"":825,\""y\"":396}}""}}"
6,go back,"{'episode_id': 45, 'goal': 'Turn on device location & give the location access to google app', 'step_instruction': 'go back', 'action': {'action_type': 'navigate_back', 'app_name': None, 'direction': None, 'text': None, 'x': None, 'y': None}}","{""coordinate"":null,""action_type"":""go_back"",""text"":null,""custom_action"":{""action"":""go_back"",""params"":null},""raw"":{""content"":""{\""note\"":\""\"",\""thought\"":\""\"",\""action\"":{\""action\"":\""go_back\""}}""}}"
7,click on Location setting,"{'episode_id': 45, 'goal': 'Turn on device location & give the location access to google app', 'step_instruction': 'click on Location setting', 'action': {'action_type': 'click', 'app_name': None, 'direction': None, 'text': None, 'x': 293.0, 'y': 1323.0}}","{""coordinate"":[0.3,0.549],""action_type"":""click"",""text"":null,""custom_action"":null,""raw"":{""content"":""{\""note\"":\""Location settings currently set to 'Off'.\"",\""thought\"":\""To enable location services, I need to click on the Location setting option.\"",\""action\"":{\""action\"":\""click_element\"",\""element\"":\""Location setting option\"",\""x\"":300,\""y\"":549}}""}}"
8,click on Use location toggle button to turn on the location,"{'episode_id': 45, 'goal': 'Turn on device location & give the location access to google app', 'step_instruction': 'click on Use location toggle button to turn on the location', 'action': {'action_type': 'click', 'app_name': None, 'direction': None, 'text': None, 'x': 911.0, 'y': 749.0}}","{""coordinate"":[0.845,0.311],""action_type"":""click"",""text"":null,""custom_action"":null,""raw"":{""content"":""{\""note\"":\""Location toggle button identified at coordinates (0.835,0.311).\"",\""thought\"":\""I need to enable location services by toggling the 'Use location' switch to proceed with the current task.\"",\""action\"":{\""action\"":\""click_element\"",\""element\"":\""Use location toggle button\"",\""x\"":845,\""y\"":311}}""}}"
9,select google app under recent access option,"{'episode_id': 45, 'goal': 'Turn on device location & give the location access to google app', 'step_instruction': 'select google app under recent access option', 'action': {'action_type': 'click', 'app_name': None, 'direction': None, 'text': None, 'x': 278.0, 'y': 1112.0}}","{""coordinate"":[0.221,0.477],""action_type"":""click"",""text"":null,""custom_action"":null,""raw"":{""content"":""{\""note\"":\""\"",\""thought\"":\""\"",\""action\"":{\""action\"":\""click_element\"",\""element\"":\""text 'Google' at coordinates (132,182)\"",\""x\"":221,\""y\"":477}}""}}"
10,click on Allow all the time to give access,"{'episode_id': 45, 'goal': 'Turn on device location & give the location access to google app', 'step_instruction': 'click on Allow all the time to give access', 'action': {'action_type': 'click', 'app_name': None, 'direction': None, 'text': None, 'x': 550.0, 'y': 1176.0}}","{""coordinate"":[0.377,0.491],""action_type"":""click"",""text"":null,""custom_action"":null,""raw"":{""content"":""{\""note\"":\""Clicking on the 'Allow all the time' option to grant location access permission.\"",\""thought\"":\""Clicking 'Allow all the time' ensures continuous location access for the app.\"",\""action\"":{\""action\"":\""click_element\"",\""element\"":\""Allow all the time option\"",\""x\"":377,\""y\"":491}}""}}"
11,Open the pinterest app.,"{'episode_id': 53, 'goal': 'Show me some of the sustainability art pieces on the Pinterest app for my research on sustainable energy.', 'step_instruction': 'Open the pinterest app.', 'action': {'action_type': 'open_app', 'app_name': 'Pinterest', 'direction': None, 'text': None, 'x': None, 'y': None}}","{""coordinate"":[0.502,0.446],""action_type"":""click"",""text"":null,""custom_action"":null,""raw"":{""content"":""{\""note\"":\""The current screen shows the home screen with various app icons.\"",\""thought\"":\""To open the Pinterest app, I need to locate its icon on the home screen or in the app drawer.\"",\""action\"":{\""action\"":\""click_element\"",\""element\"":\""Pinterest app icon on the home screen\"",\""x\"":502,\""y\"":446}}""}}"
